Driver,LapNumber,LapTime,Compound,TyreLife,Stint,Position
VER,1.0,0 days 00:01:37.284000,SOFT,4.0,1.0,1.0
VER,2.0,0 days 00:01:36.296000,SOFT,5.0,1.0,1.0
VER,3.0,0 days 00:01:36.753000,SOFT,6.0,1.0,1.0
VER,4.0,0 days 00:01:36.647000,SOFT,7.0,1.0,1.0
VER,5.0,0 days 00:01:37.173000,SOFT,8.0,1.0,1.0
VER,6.0,0 days 00:01:37.092000,SOFT,9.0,1.0,1.0
VER,7.0,0 days 00:01:37.038000,SOFT,10.0,1.0,1.0
VER,8.0,0 days 00:01:37.024000,SOFT,11.0,1.0,1.0
VER,9.0,0 days 00:01:37.229000,SOFT,12.0,1.0,1.0
VER,10.0,0 days 00:01:36.960000,SOFT,13.0,1.0,1.0
VER,11.0,0 days 00:01:37.085000,SOFT,14.0,1.0,1.0
VER,12.0,0 days 00:01:37.045000,SOFT,15.0,1.0,1.0
VER,13.0,0 days 00:01:37.030000,SOFT,16.0,1.0,1.0
VER,14.0,0 days 00:01:37.028000,SOFT,17.0,1.0,1.0
VER,15.0,0 days 00:01:37.011000,SOFT,18.0,1.0,1.0
VER,16.0,0 days 00:01:37.168000,SOFT,19.0,1.0,1.0
VER,17.0,0 days 00:01:39.896000,SOFT,20.0,1.0,1.0
VER,18.0,0 days 00:01:57.854000,HARD,1.0,2.0,1.0
VER,19.0,0 days 00:01:35.283000,HARD,2.0,2.0,1.0
VER,20.0,0 days 00:01:35.160000,HARD,3.0,2.0,1.0
VER,21.0,0 days 00:01:35.316000,HARD,4.0,2.0,1.0
VER,22.0,0 days 00:01:35.204000,HARD,5.0,2.0,1.0
VER,23.0,0 days 00:01:35.216000,HARD,6.0,2.0,1.0
VER,24.0,0 days 00:01:35.289000,HARD,7.0,2.0,1.0
VER,25.0,0 days 00:01:35.342000,HARD,8.0,2.0,1.0
VER,26.0,0 days 00:01:35.223000,HARD,9.0,2.0,1.0
VER,27.0,0 days 00:01:35.581000,HARD,10.0,2.0,1.0
VER,28.0,0 days 00:01:35.477000,HARD,11.0,2.0,1.0
VER,29.0,0 days 00:01:35.793000,HARD,12.0,2.0,1.0
VER,30.0,0 days 00:01:35.771000,HARD,13.0,2.0,1.0
VER,31.0,0 days 00:01:35.679000,HARD,14.0,2.0,1.0
VER,32.0,0 days 00:01:35.886000,HARD,15.0,2.0,1.0
VER,33.0,0 days 00:01:35.863000,HARD,16.0,2.0,1.0
VER,34.0,0 days 00:01:36.133000,HARD,17.0,2.0,1.0
VER,35.0,0 days 00:01:36.018000,HARD,18.0,2.0,1.0
VER,36.0,0 days 00:01:36.205000,HARD,19.0,2.0,1.0
VER,37.0,0 days 00:01:39.234000,HARD,20.0,2.0,1.0
VER,38.0,0 days 00:01:56.445000,SOFT,1.0,3.0,1.0
VER,39.0,0 days 00:01:32.608000,SOFT,2.0,3.0,1.0
VER,40.0,0 days 00:01:36.589000,SOFT,3.0,3.0,1.0
VER,41.0,0 days 00:01:35.290000,SOFT,4.0,3.0,1.0
VER,42.0,0 days 00:01:34.667000,SOFT,5.0,3.0,1.0
VER,43.0,0 days 00:01:34.151000,SOFT,6.0,3.0,1.0
VER,44.0,0 days 00:01:34.531000,SOFT,7.0,3.0,1.0
VER,45.0,0 days 00:01:34.249000,SOFT,8.0,3.0,1.0
VER,46.0,0 days 00:01:34.193000,SOFT,9.0,3.0,1.0
VER,47.0,0 days 00:01:34.239000,SOFT,10.0,3.0,1.0
VER,48.0,0 days 00:01:34.350000,SOFT,11.0,3.0,1.0
VER,49.0,0 days 00:01:34.403000,SOFT,12.0,3.0,1.0
VER,50.0,0 days 00:01:34.783000,SOFT,13.0,3.0,1.0
VER,51.0,0 days 00:01:34.340000,SOFT,14.0,3.0,1.0
VER,52.0,0 days 00:01:34.906000,SOFT,15.0,3.0,1.0
VER,53.0,0 days 00:01:35.600000,SOFT,16.0,3.0,1.0
VER,54.0,0 days 00:01:35.334000,SOFT,17.0,3.0,1.0
VER,55.0,0 days 00:01:35.184000,SOFT,18.0,3.0,1.0
VER,56.0,0 days 00:01:34.671000,SOFT,19.0,3.0,1.0
VER,57.0,0 days 00:01:34.923000,SOFT,20.0,3.0,1.0
PER,1.0,0 days 00:01:40.053000,SOFT,4.0,1.0,4.0
PER,2.0,0 days 00:01:36.541000,SOFT,5.0,1.0,4.0
PER,3.0,0 days 00:01:37.297000,SOFT,6.0,1.0,4.0
PER,4.0,0 days 00:01:37.722000,SOFT,7.0,1.0,4.0
PER,5.0,0 days 00:01:38.044000,SOFT,8.0,1.0,4.0
PER,6.0,0 days 00:01:37.823000,SOFT,9.0,1.0,4.0
PER,7.0,0 days 00:01:37.821000,SOFT,10.0,1.0,3.0
PER,8.0,0 days 00:01:37.838000,SOFT,11.0,1.0,3.0
PER,9.0,0 days 00:01:37.596000,SOFT,12.0,1.0,3.0
PER,10.0,0 days 00:01:37.630000,SOFT,13.0,1.0,3.0
PER,11.0,0 days 00:01:37.836000,SOFT,14.0,1.0,2.0
PER,12.0,0 days 00:01:40.277000,SOFT,15.0,1.0,3.0
PER,13.0,0 days 00:01:57.624000,HARD,1.0,2.0,8.0
PER,14.0,0 days 00:01:35.606000,HARD,2.0,2.0,6.0
PER,15.0,0 days 00:01:36.815000,HARD,3.0,2.0,3.0
PER,16.0,0 days 00:01:35.783000,HARD,4.0,2.0,2.0
PER,17.0,0 days 00:01:36.454000,HARD,5.0,2.0,2.0
PER,18.0,0 days 00:01:36.311000,HARD,6.0,2.0,2.0
PER,19.0,0 days 00:01:36.038000,HARD,7.0,2.0,2.0
PER,20.0,0 days 00:01:36.278000,HARD,8.0,2.0,2.0
PER,21.0,0 days 00:01:36.165000,HARD,9.0,2.0,2.0
PER,22.0,0 days 00:01:36.037000,HARD,10.0,2.0,2.0
PER,23.0,0 days 00:01:36.249000,HARD,11.0,2.0,2.0
PER,24.0,0 days 00:01:36.211000,HARD,12.0,2.0,2.0
PER,25.0,0 days 00:01:36.344000,HARD,13.0,2.0,2.0
PER,26.0,0 days 00:01:36.347000,HARD,14.0,2.0,2.0
PER,27.0,0 days 00:01:36.233000,HARD,15.0,2.0,2.0
PER,28.0,0 days 00:01:36.226000,HARD,16.0,2.0,2.0
PER,29.0,0 days 00:01:36.437000,HARD,17.0,2.0,2.0
PER,30.0,0 days 00:01:36.313000,HARD,18.0,2.0,2.0
PER,31.0,0 days 00:01:36.339000,HARD,19.0,2.0,2.0
PER,32.0,0 days 00:01:36.276000,HARD,20.0,2.0,2.0
PER,33.0,0 days 00:01:36.564000,HARD,21.0,2.0,2.0
PER,34.0,0 days 00:01:36.378000,HARD,22.0,2.0,2.0
PER,35.0,0 days 00:01:36.776000,HARD,23.0,2.0,2.0
PER,36.0,0 days 00:01:39.365000,HARD,24.0,2.0,2.0
PER,37.0,0 days 00:01:55.808000,SOFT,1.0,3.0,2.0
PER,38.0,0 days 00:01:34.804000,SOFT,2.0,3.0,2.0
PER,39.0,0 days 00:01:34.607000,SOFT,3.0,3.0,2.0
PER,40.0,0 days 00:01:34.364000,SOFT,4.0,3.0,2.0
PER,41.0,0 days 00:01:34.400000,SOFT,5.0,3.0,2.0
PER,42.0,0 days 00:01:34.525000,SOFT,6.0,3.0,2.0
PER,43.0,0 days 00:01:34.797000,SOFT,7.0,3.0,2.0
PER,44.0,0 days 00:01:34.799000,SOFT,8.0,3.0,2.0
PER,45.0,0 days 00:01:34.592000,SOFT,9.0,3.0,2.0
PER,46.0,0 days 00:01:34.844000,SOFT,10.0,3.0,2.0
PER,47.0,0 days 00:01:34.730000,SOFT,11.0,3.0,2.0
PER,48.0,0 days 00:01:34.885000,SOFT,12.0,3.0,2.0
PER,49.0,0 days 00:01:34.966000,SOFT,13.0,3.0,2.0
PER,50.0,0 days 00:01:35.082000,SOFT,14.0,3.0,2.0
PER,51.0,0 days 00:01:34.940000,SOFT,15.0,3.0,2.0
PER,52.0,0 days 00:01:35.183000,SOFT,16.0,3.0,2.0
PER,53.0,0 days 00:01:35.842000,SOFT,17.0,3.0,2.0
PER,54.0,0 days 00:01:35.459000,SOFT,18.0,3.0,2.0
PER,55.0,0 days 00:01:35.611000,SOFT,19.0,3.0,2.0
PER,56.0,0 days 00:01:35.568000,SOFT,20.0,3.0,2.0
PER,57.0,0 days 00:01:35.746000,SOFT,21.0,3.0,2.0
SAI,1.0,0 days 00:01:40.620000,SOFT,4.0,1.0,5.0
SAI,2.0,0 days 00:01:37.236000,SOFT,5.0,1.0,5.0
SAI,3.0,0 days 00:01:37.080000,SOFT,6.0,1.0,5.0
SAI,4.0,0 days 00:01:37.264000,SOFT,7.0,1.0,5.0
SAI,5.0,0 days 00:01:38.032000,SOFT,8.0,1.0,5.0
SAI,6.0,0 days 00:01:37.741000,SOFT,9.0,1.0,5.0
SAI,7.0,0 days 00:01:38.260000,SOFT,10.0,1.0,5.0
SAI,8.0,0 days 00:01:38.183000,SOFT,11.0,1.0,5.0
SAI,9.0,0 days 00:01:38.030000,SOFT,12.0,1.0,5.0
SAI,10.0,0 days 00:01:37.608000,SOFT,13.0,1.0,5.0
SAI,11.0,0 days 00:01:37.656000,SOFT,14.0,1.0,3.0
SAI,12.0,0 days 00:01:37.650000,SOFT,15.0,1.0,2.0
SAI,13.0,0 days 00:01:37.243000,SOFT,16.0,1.0,2.0
SAI,14.0,0 days 00:01:39.753000,SOFT,17.0,1.0,2.0
SAI,15.0,0 days 00:01:57.225000,HARD,1.0,2.0,7.0
SAI,16.0,0 days 00:01:36.376000,HARD,2.0,2.0,5.0
SAI,17.0,0 days 00:01:35.507000,HARD,3.0,2.0,4.0
SAI,18.0,0 days 00:01:36.088000,HARD,4.0,2.0,3.0
SAI,19.0,0 days 00:01:36.236000,HARD,5.0,2.0,3.0
SAI,20.0,0 days 00:01:36.034000,HARD,6.0,2.0,3.0
SAI,21.0,0 days 00:01:36.104000,HARD,7.0,2.0,3.0
SAI,22.0,0 days 00:01:36.008000,HARD,8.0,2.0,3.0
SAI,23.0,0 days 00:01:36.149000,HARD,9.0,2.0,3.0
SAI,24.0,0 days 00:01:36.200000,HARD,10.0,2.0,3.0
SAI,25.0,0 days 00:01:36.220000,HARD,11.0,2.0,3.0
SAI,26.0,0 days 00:01:36.221000,HARD,12.0,2.0,3.0
SAI,27.0,0 days 00:01:36.272000,HARD,13.0,2.0,3.0
SAI,28.0,0 days 00:01:36.534000,HARD,14.0,2.0,3.0
SAI,29.0,0 days 00:01:36.600000,HARD,15.0,2.0,3.0
SAI,30.0,0 days 00:01:36.337000,HARD,16.0,2.0,3.0
SAI,31.0,0 days 00:01:36.537000,HARD,17.0,2.0,3.0
SAI,32.0,0 days 00:01:36.762000,HARD,18.0,2.0,3.0
SAI,33.0,0 days 00:01:36.556000,HARD,19.0,2.0,3.0
SAI,34.0,0 days 00:01:36.551000,HARD,20.0,2.0,3.0
SAI,35.0,0 days 00:01:39.274000,HARD,21.0,2.0,3.0
SAI,36.0,0 days 00:01:55.620000,HARD,1.0,3.0,3.0
SAI,37.0,0 days 00:01:35.302000,HARD,2.0,3.0,3.0
SAI,38.0,0 days 00:01:35.100000,HARD,3.0,3.0,3.0
SAI,39.0,0 days 00:01:34.709000,HARD,4.0,3.0,3.0
SAI,40.0,0 days 00:01:34.739000,HARD,5.0,3.0,3.0
SAI,41.0,0 days 00:01:35.041000,HARD,6.0,3.0,3.0
SAI,42.0,0 days 00:01:34.861000,HARD,7.0,3.0,3.0
SAI,43.0,0 days 00:01:34.795000,HARD,8.0,3.0,3.0
SAI,44.0,0 days 00:01:34.507000,HARD,9.0,3.0,3.0
SAI,45.0,0 days 00:01:34.790000,HARD,10.0,3.0,3.0
SAI,46.0,0 days 00:01:34.853000,HARD,11.0,3.0,3.0
SAI,47.0,0 days 00:01:34.901000,HARD,12.0,3.0,3.0
SAI,48.0,0 days 00:01:34.981000,HARD,13.0,3.0,3.0
SAI,49.0,0 days 00:01:35.440000,HARD,14.0,3.0,3.0
SAI,50.0,0 days 00:01:35.142000,HARD,15.0,3.0,3.0
SAI,51.0,0 days 00:01:35.282000,HARD,16.0,3.0,3.0
SAI,52.0,0 days 00:01:35.083000,HARD,17.0,3.0,3.0
SAI,53.0,0 days 00:01:35.211000,HARD,18.0,3.0,3.0
SAI,54.0,0 days 00:01:35.309000,HARD,19.0,3.0,3.0
SAI,55.0,0 days 00:01:35.407000,HARD,20.0,3.0,3.0
SAI,56.0,0 days 00:01:35.305000,HARD,21.0,3.0,3.0
SAI,57.0,0 days 00:01:35.327000,HARD,22.0,3.0,3.0
LEC,1.0,0 days 00:01:38.271000,SOFT,4.0,1.0,2.0
LEC,2.0,0 days 00:01:36.862000,SOFT,5.0,1.0,2.0
LEC,3.0,0 days 00:01:38.062000,SOFT,6.0,1.0,3.0
LEC,4.0,0 days 00:01:37.752000,SOFT,7.0,1.0,3.0
LEC,5.0,0 days 00:01:38.131000,SOFT,8.0,1.0,3.0
LEC,6.0,0 days 00:01:37.782000,SOFT,9.0,1.0,3.0
LEC,7.0,0 days 00:01:38.957000,SOFT,10.0,1.0,4.0
LEC,8.0,0 days 00:01:38.136000,SOFT,11.0,1.0,4.0
LEC,9.0,0 days 00:01:37.844000,SOFT,12.0,1.0,4.0
LEC,10.0,0 days 00:01:37.884000,SOFT,13.0,1.0,4.0
LEC,11.0,0 days 00:01:41.737000,SOFT,14.0,1.0,6.0
LEC,12.0,0 days 00:01:57.471000,HARD,1.0,2.0,13.0
LEC,13.0,0 days 00:01:36.432000,HARD,2.0,2.0,9.0
LEC,14.0,0 days 00:01:36.756000,HARD,3.0,2.0,8.0
LEC,15.0,0 days 00:01:36.813000,HARD,4.0,2.0,6.0
LEC,16.0,0 days 00:01:36.673000,HARD,5.0,2.0,4.0
LEC,17.0,0 days 00:01:37.302000,HARD,6.0,2.0,5.0
LEC,18.0,0 days 00:01:37.438000,HARD,7.0,2.0,5.0
LEC,19.0,0 days 00:01:36.821000,HARD,8.0,2.0,5.0
LEC,20.0,0 days 00:01:36.794000,HARD,9.0,2.0,5.0
LEC,21.0,0 days 00:01:36.977000,HARD,10.0,2.0,5.0
LEC,22.0,0 days 00:01:36.796000,HARD,11.0,2.0,5.0
LEC,23.0,0 days 00:01:36.987000,HARD,12.0,2.0,5.0
LEC,24.0,0 days 00:01:36.924000,HARD,13.0,2.0,5.0
LEC,25.0,0 days 00:01:36.760000,HARD,14.0,2.0,5.0
LEC,26.0,0 days 00:01:36.810000,HARD,15.0,2.0,5.0
LEC,27.0,0 days 00:01:36.831000,HARD,16.0,2.0,5.0
LEC,28.0,0 days 00:01:36.907000,HARD,17.0,2.0,5.0
LEC,29.0,0 days 00:01:36.963000,HARD,18.0,2.0,5.0
LEC,30.0,0 days 00:01:37.158000,HARD,19.0,2.0,5.0
LEC,31.0,0 days 00:01:37.031000,HARD,20.0,2.0,4.0
LEC,32.0,0 days 00:01:36.941000,HARD,21.0,2.0,4.0
LEC,33.0,0 days 00:01:36.741000,HARD,22.0,2.0,4.0
LEC,34.0,0 days 00:01:39.614000,HARD,23.0,2.0,4.0
LEC,35.0,0 days 00:01:56.166000,HARD,1.0,3.0,6.0
LEC,36.0,0 days 00:01:34.090000,HARD,2.0,3.0,5.0
LEC,37.0,0 days 00:01:34.897000,HARD,3.0,3.0,5.0
LEC,38.0,0 days 00:01:34.783000,HARD,4.0,3.0,5.0
LEC,39.0,0 days 00:01:35.087000,HARD,5.0,3.0,5.0
LEC,40.0,0 days 00:01:34.859000,HARD,6.0,3.0,5.0
LEC,41.0,0 days 00:01:35.028000,HARD,7.0,3.0,5.0
LEC,42.0,0 days 00:01:34.982000,HARD,8.0,3.0,5.0
LEC,43.0,0 days 00:01:35.192000,HARD,9.0,3.0,5.0
LEC,44.0,0 days 00:01:35.051000,HARD,10.0,3.0,5.0
LEC,45.0,0 days 00:01:35.220000,HARD,11.0,3.0,5.0
LEC,46.0,0 days 00:01:35.058000,HARD,12.0,3.0,4.0
LEC,47.0,0 days 00:01:35.057000,HARD,13.0,3.0,4.0
LEC,48.0,0 days 00:01:35.308000,HARD,14.0,3.0,4.0
LEC,49.0,0 days 00:01:35.302000,HARD,15.0,3.0,4.0
LEC,50.0,0 days 00:01:35.383000,HARD,16.0,3.0,4.0
LEC,51.0,0 days 00:01:35.418000,HARD,17.0,3.0,4.0
LEC,52.0,0 days 00:01:35.394000,HARD,18.0,3.0,4.0
LEC,53.0,0 days 00:01:35.480000,HARD,19.0,3.0,4.0
LEC,54.0,0 days 00:01:35.265000,HARD,20.0,3.0,4.0
LEC,55.0,0 days 00:01:35.785000,HARD,21.0,3.0,4.0
LEC,56.0,0 days 00:01:35.924000,HARD,22.0,3.0,4.0
LEC,57.0,0 days 00:01:36.324000,HARD,23.0,3.0,4.0
RUS,1.0,0 days 00:01:39.228000,SOFT,4.0,1.0,3.0
RUS,2.0,0 days 00:01:36.635000,SOFT,5.0,1.0,3.0
RUS,3.0,0 days 00:01:36.406000,SOFT,6.0,1.0,2.0
RUS,4.0,0 days 00:01:37.738000,SOFT,7.0,1.0,2.0
RUS,5.0,0 days 00:01:38.116000,SOFT,8.0,1.0,2.0
RUS,6.0,0 days 00:01:37.784000,SOFT,9.0,1.0,2.0
RUS,7.0,0 days 00:01:38.082000,SOFT,10.0,1.0,2.0
RUS,8.0,0 days 00:01:37.862000,SOFT,11.0,1.0,2.0
RUS,9.0,0 days 00:01:37.730000,SOFT,12.0,1.0,2.0
RUS,10.0,0 days 00:01:37.782000,SOFT,13.0,1.0,2.0
RUS,11.0,0 days 00:01:40.515000,SOFT,14.0,1.0,4.0
RUS,12.0,0 days 00:01:58.460000,HARD,1.0,2.0,11.0
RUS,13.0,0 days 00:01:37.167000,HARD,2.0,2.0,7.0
RUS,14.0,0 days 00:01:37.571000,HARD,3.0,2.0,7.0
RUS,15.0,0 days 00:01:36.922000,HARD,4.0,2.0,4.0
RUS,16.0,0 days 00:01:36.683000,HARD,5.0,2.0,3.0
RUS,17.0,0 days 00:01:36.234000,HARD,6.0,2.0,3.0
RUS,18.0,0 days 00:01:37.819000,HARD,7.0,2.0,4.0
RUS,19.0,0 days 00:01:37.233000,HARD,8.0,2.0,4.0
RUS,20.0,0 days 00:01:36.732000,HARD,9.0,2.0,4.0
RUS,21.0,0 days 00:01:36.769000,HARD,10.0,2.0,4.0
RUS,22.0,0 days 00:01:36.992000,HARD,11.0,2.0,4.0
RUS,23.0,0 days 00:01:36.954000,HARD,12.0,2.0,4.0
RUS,24.0,0 days 00:01:36.736000,HARD,13.0,2.0,4.0
RUS,25.0,0 days 00:01:36.928000,HARD,14.0,2.0,4.0
RUS,26.0,0 days 00:01:36.801000,HARD,15.0,2.0,4.0
RUS,27.0,0 days 00:01:36.815000,HARD,16.0,2.0,4.0
RUS,28.0,0 days 00:01:36.911000,HARD,17.0,2.0,4.0
RUS,29.0,0 days 00:01:37.066000,HARD,18.0,2.0,4.0
RUS,30.0,0 days 00:01:37.186000,HARD,19.0,2.0,4.0
RUS,31.0,0 days 00:01:39.405000,HARD,20.0,2.0,5.0
RUS,32.0,0 days 00:01:57.267000,HARD,1.0,3.0,9.0
RUS,33.0,0 days 00:01:35.838000,HARD,2.0,3.0,9.0
RUS,34.0,0 days 00:01:35.241000,HARD,3.0,3.0,6.0
RUS,35.0,0 days 00:01:35.772000,HARD,4.0,3.0,4.0
RUS,36.0,0 days 00:01:35.434000,HARD,5.0,3.0,4.0
RUS,37.0,0 days 00:01:35.481000,HARD,6.0,3.0,4.0
RUS,38.0,0 days 00:01:35.479000,HARD,7.0,3.0,4.0
RUS,39.0,0 days 00:01:35.204000,HARD,8.0,3.0,4.0
RUS,40.0,0 days 00:01:35.065000,HARD,9.0,3.0,4.0
RUS,41.0,0 days 00:01:35.093000,HARD,10.0,3.0,4.0
RUS,42.0,0 days 00:01:35.136000,HARD,11.0,3.0,4.0
RUS,43.0,0 days 00:01:35.193000,HARD,12.0,3.0,4.0
RUS,44.0,0 days 00:01:35.162000,HARD,13.0,3.0,4.0
RUS,45.0,0 days 00:01:35.276000,HARD,14.0,3.0,4.0
RUS,46.0,0 days 00:01:36.657000,HARD,15.0,3.0,5.0
RUS,47.0,0 days 00:01:35.805000,HARD,16.0,3.0,5.0
RUS,48.0,0 days 00:01:36.059000,HARD,17.0,3.0,5.0
RUS,49.0,0 days 00:01:35.954000,HARD,18.0,3.0,5.0
RUS,50.0,0 days 00:01:36.181000,HARD,19.0,3.0,5.0
RUS,51.0,0 days 00:01:35.852000,HARD,20.0,3.0,5.0
RUS,52.0,0 days 00:01:36.186000,HARD,21.0,3.0,5.0
RUS,53.0,0 days 00:01:35.979000,HARD,22.0,3.0,5.0
RUS,54.0,0 days 00:01:36.013000,HARD,23.0,3.0,5.0
RUS,55.0,0 days 00:01:36.151000,HARD,24.0,3.0,5.0
RUS,56.0,0 days 00:01:36.350000,HARD,25.0,3.0,5.0
RUS,57.0,0 days 00:01:36.440000,HARD,26.0,3.0,5.0
NOR,1.0,0 days 00:01:42.168000,SOFT,4.0,1.0,7.0
NOR,2.0,0 days 00:01:38.010000,SOFT,5.0,1.0,7.0
NOR,3.0,0 days 00:01:37.787000,SOFT,6.0,1.0,6.0
NOR,4.0,0 days 00:01:37.450000,SOFT,7.0,1.0,6.0
NOR,5.0,0 days 00:01:37.794000,SOFT,8.0,1.0,6.0
NOR,6.0,0 days 00:01:37.896000,SOFT,9.0,1.0,6.0
NOR,7.0,0 days 00:01:37.860000,SOFT,10.0,1.0,6.0
NOR,8.0,0 days 00:01:38.134000,SOFT,11.0,1.0,6.0
NOR,9.0,0 days 00:01:38.064000,SOFT,12.0,1.0,6.0
NOR,10.0,0 days 00:01:37.936000,SOFT,13.0,1.0,6.0
NOR,11.0,0 days 00:01:38.172000,SOFT,14.0,1.0,5.0
NOR,12.0,0 days 00:01:38.082000,SOFT,15.0,1.0,4.0
NOR,13.0,0 days 00:01:40.635000,SOFT,16.0,1.0,3.0
NOR,14.0,0 days 00:01:57.770000,HARD,1.0,2.0,9.0
NOR,15.0,0 days 00:01:36.912000,HARD,2.0,2.0,8.0
NOR,16.0,0 days 00:01:36.565000,HARD,3.0,2.0,6.0
NOR,17.0,0 days 00:01:36.776000,HARD,4.0,2.0,6.0
NOR,18.0,0 days 00:01:36.508000,HARD,5.0,2.0,6.0
NOR,19.0,0 days 00:01:36.416000,HARD,6.0,2.0,6.0
NOR,20.0,0 days 00:01:36.501000,HARD,7.0,2.0,6.0
NOR,21.0,0 days 00:01:36.620000,HARD,8.0,2.0,6.0
NOR,22.0,0 days 00:01:36.668000,HARD,9.0,2.0,6.0
NOR,23.0,0 days 00:01:36.696000,HARD,10.0,2.0,6.0
NOR,24.0,0 days 00:01:36.823000,HARD,11.0,2.0,6.0
NOR,25.0,0 days 00:01:36.730000,HARD,12.0,2.0,6.0
NOR,26.0,0 days 00:01:36.566000,HARD,13.0,2.0,6.0
NOR,27.0,0 days 00:01:36.726000,HARD,14.0,2.0,6.0
NOR,28.0,0 days 00:01:37.018000,HARD,15.0,2.0,6.0
NOR,29.0,0 days 00:01:37.041000,HARD,16.0,2.0,6.0
NOR,30.0,0 days 00:01:36.986000,HARD,17.0,2.0,6.0
NOR,31.0,0 days 00:01:37.083000,HARD,18.0,2.0,6.0
NOR,32.0,0 days 00:01:37.171000,HARD,19.0,2.0,5.0
NOR,33.0,0 days 00:01:39.626000,HARD,20.0,2.0,5.0
NOR,34.0,0 days 00:01:56.898000,HARD,1.0,3.0,8.0
NOR,35.0,0 days 00:01:34.476000,HARD,2.0,3.0,7.0
NOR,36.0,0 days 00:01:35.690000,HARD,3.0,3.0,6.0
NOR,37.0,0 days 00:01:35.067000,HARD,4.0,3.0,6.0
NOR,38.0,0 days 00:01:35.149000,HARD,5.0,3.0,6.0
NOR,39.0,0 days 00:01:34.880000,HARD,6.0,3.0,6.0
NOR,40.0,0 days 00:01:35.276000,HARD,7.0,3.0,6.0
NOR,41.0,0 days 00:01:35.069000,HARD,8.0,3.0,6.0
NOR,42.0,0 days 00:01:35.165000,HARD,9.0,3.0,6.0
NOR,43.0,0 days 00:01:35.295000,HARD,10.0,3.0,6.0
NOR,44.0,0 days 00:01:35.346000,HARD,11.0,3.0,6.0
NOR,45.0,0 days 00:01:35.338000,HARD,12.0,3.0,6.0
NOR,46.0,0 days 00:01:35.371000,HARD,13.0,3.0,6.0
NOR,47.0,0 days 00:01:35.485000,HARD,14.0,3.0,6.0
NOR,48.0,0 days 00:01:35.717000,HARD,15.0,3.0,6.0
NOR,49.0,0 days 00:01:35.674000,HARD,16.0,3.0,6.0
NOR,50.0,0 days 00:01:35.657000,HARD,17.0,3.0,6.0
NOR,51.0,0 days 00:01:36.038000,HARD,18.0,3.0,6.0
NOR,52.0,0 days 00:01:35.922000,HARD,19.0,3.0,6.0
NOR,53.0,0 days 00:01:35.782000,HARD,20.0,3.0,6.0
NOR,54.0,0 days 00:01:35.934000,HARD,21.0,3.0,6.0
NOR,55.0,0 days 00:01:36.223000,HARD,22.0,3.0,6.0
NOR,56.0,0 days 00:01:35.976000,HARD,23.0,3.0,6.0
NOR,57.0,0 days 00:01:36.582000,HARD,24.0,3.0,6.0
HAM,1.0,0 days 00:01:43.122000,SOFT,4.0,1.0,9.0
HAM,2.0,0 days 00:01:38.273000,SOFT,5.0,1.0,9.0
HAM,3.0,0 days 00:01:38.303000,SOFT,6.0,1.0,9.0
HAM,4.0,0 days 00:01:38.287000,SOFT,7.0,1.0,9.0
HAM,5.0,0 days 00:01:38.350000,SOFT,8.0,1.0,9.0
HAM,6.0,0 days 00:01:38.183000,SOFT,9.0,1.0,9.0
HAM,7.0,0 days 00:01:37.839000,SOFT,10.0,1.0,9.0
HAM,8.0,0 days 00:01:38.221000,SOFT,11.0,1.0,9.0
HAM,9.0,0 days 00:01:38.645000,SOFT,12.0,1.0,9.0
HAM,10.0,0 days 00:01:38.037000,SOFT,13.0,1.0,8.0
HAM,11.0,0 days 00:01:38.236000,SOFT,14.0,1.0,8.0
HAM,12.0,0 days 00:01:40.889000,SOFT,15.0,1.0,7.0
HAM,13.0,0 days 00:01:58.645000,HARD,1.0,2.0,12.0
HAM,14.0,0 days 00:01:37.178000,HARD,2.0,2.0,11.0
HAM,15.0,0 days 00:01:37.264000,HARD,3.0,2.0,10.0
HAM,16.0,0 days 00:01:37.091000,HARD,4.0,2.0,8.0
HAM,17.0,0 days 00:01:37.111000,HARD,5.0,2.0,8.0
HAM,18.0,0 days 00:01:36.850000,HARD,6.0,2.0,8.0
HAM,19.0,0 days 00:01:36.694000,HARD,7.0,2.0,8.0
HAM,20.0,0 days 00:01:36.264000,HARD,8.0,2.0,8.0
HAM,21.0,0 days 00:01:36.510000,HARD,9.0,2.0,8.0
HAM,22.0,0 days 00:01:36.633000,HARD,10.0,2.0,8.0
HAM,23.0,0 days 00:01:36.717000,HARD,11.0,2.0,8.0
HAM,24.0,0 days 00:01:36.666000,HARD,12.0,2.0,8.0
HAM,25.0,0 days 00:01:36.919000,HARD,13.0,2.0,8.0
HAM,26.0,0 days 00:01:36.714000,HARD,14.0,2.0,8.0
HAM,27.0,0 days 00:01:37.201000,HARD,15.0,2.0,8.0
HAM,28.0,0 days 00:01:36.692000,HARD,16.0,2.0,8.0
HAM,29.0,0 days 00:01:36.786000,HARD,17.0,2.0,8.0
HAM,30.0,0 days 00:01:37.244000,HARD,18.0,2.0,8.0
HAM,31.0,0 days 00:01:36.975000,HARD,19.0,2.0,8.0
HAM,32.0,0 days 00:01:37.325000,HARD,20.0,2.0,7.0
HAM,33.0,0 days 00:01:39.696000,HARD,21.0,2.0,7.0
HAM,34.0,0 days 00:01:54.974000,HARD,1.0,3.0,9.0
HAM,35.0,0 days 00:01:35.489000,HARD,2.0,3.0,8.0
HAM,36.0,0 days 00:01:35.279000,HARD,3.0,3.0,8.0
HAM,37.0,0 days 00:01:35.597000,HARD,4.0,3.0,8.0
HAM,38.0,0 days 00:01:34.966000,HARD,5.0,3.0,8.0
HAM,39.0,0 days 00:01:34.722000,HARD,6.0,3.0,7.0
HAM,40.0,0 days 00:01:35.041000,HARD,7.0,3.0,7.0
HAM,41.0,0 days 00:01:34.940000,HARD,8.0,3.0,7.0
HAM,42.0,0 days 00:01:34.996000,HARD,9.0,3.0,7.0
HAM,43.0,0 days 00:01:34.935000,HARD,10.0,3.0,7.0
HAM,44.0,0 days 00:01:35.169000,HARD,11.0,3.0,7.0
HAM,45.0,0 days 00:01:35.184000,HARD,12.0,3.0,7.0
HAM,46.0,0 days 00:01:35.285000,HARD,13.0,3.0,7.0
HAM,47.0,0 days 00:01:35.226000,HARD,14.0,3.0,7.0
HAM,48.0,0 days 00:01:36.165000,HARD,15.0,3.0,7.0
HAM,49.0,0 days 00:01:35.914000,HARD,16.0,3.0,7.0
HAM,50.0,0 days 00:01:35.612000,HARD,17.0,3.0,7.0
HAM,51.0,0 days 00:01:35.532000,HARD,18.0,3.0,7.0
HAM,52.0,0 days 00:01:35.479000,HARD,19.0,3.0,7.0
HAM,53.0,0 days 00:01:35.550000,HARD,20.0,3.0,7.0
HAM,54.0,0 days 00:01:35.974000,HARD,21.0,3.0,7.0
HAM,55.0,0 days 00:01:35.633000,HARD,22.0,3.0,7.0
HAM,56.0,0 days 00:01:35.706000,HARD,23.0,3.0,7.0
HAM,57.0,0 days 00:01:36.138000,HARD,24.0,3.0,7.0
PIA,1.0,0 days 00:01:42.523000,SOFT,4.0,1.0,8.0
PIA,2.0,0 days 00:01:38.382000,SOFT,5.0,1.0,8.0
PIA,3.0,0 days 00:01:38.258000,SOFT,6.0,1.0,8.0
PIA,4.0,0 days 00:01:37.897000,SOFT,7.0,1.0,8.0
PIA,5.0,0 days 00:01:37.859000,SOFT,8.0,1.0,7.0
PIA,6.0,0 days 00:01:37.955000,SOFT,9.0,1.0,7.0
PIA,7.0,0 days 00:01:37.984000,SOFT,10.0,1.0,7.0
PIA,8.0,0 days 00:01:37.956000,SOFT,11.0,1.0,7.0
PIA,9.0,0 days 00:01:38.096000,SOFT,12.0,1.0,7.0
PIA,10.0,0 days 00:01:38.073000,SOFT,13.0,1.0,7.0
PIA,11.0,0 days 00:01:38.397000,SOFT,14.0,1.0,7.0
PIA,12.0,0 days 00:01:40.739000,SOFT,15.0,1.0,5.0
PIA,13.0,0 days 00:01:58.689000,HARD,1.0,2.0,11.0
PIA,14.0,0 days 00:01:36.796000,HARD,2.0,2.0,10.0
PIA,15.0,0 days 00:01:36.823000,HARD,3.0,2.0,9.0
PIA,16.0,0 days 00:01:36.427000,HARD,4.0,2.0,7.0
PIA,17.0,0 days 00:01:36.872000,HARD,5.0,2.0,7.0
PIA,18.0,0 days 00:01:37.095000,HARD,6.0,2.0,7.0
PIA,19.0,0 days 00:01:36.577000,HARD,7.0,2.0,7.0
PIA,20.0,0 days 00:01:36.644000,HARD,8.0,2.0,7.0
PIA,21.0,0 days 00:01:36.733000,HARD,9.0,2.0,7.0
PIA,22.0,0 days 00:01:36.555000,HARD,10.0,2.0,7.0
PIA,23.0,0 days 00:01:36.680000,HARD,11.0,2.0,7.0
PIA,24.0,0 days 00:01:36.884000,HARD,12.0,2.0,7.0
PIA,25.0,0 days 00:01:37.008000,HARD,13.0,2.0,7.0
PIA,26.0,0 days 00:01:36.882000,HARD,14.0,2.0,7.0
PIA,27.0,0 days 00:01:36.905000,HARD,15.0,2.0,7.0
PIA,28.0,0 days 00:01:36.905000,HARD,16.0,2.0,7.0
PIA,29.0,0 days 00:01:37.179000,HARD,17.0,2.0,7.0
PIA,30.0,0 days 00:01:37.177000,HARD,18.0,2.0,7.0
PIA,31.0,0 days 00:01:37.570000,HARD,19.0,2.0,7.0
PIA,32.0,0 days 00:01:37.163000,HARD,20.0,2.0,6.0
PIA,33.0,0 days 00:01:37.088000,HARD,21.0,2.0,6.0
PIA,34.0,0 days 00:01:39.211000,HARD,22.0,2.0,5.0
PIA,35.0,0 days 00:01:59.703000,HARD,1.0,3.0,9.0
PIA,36.0,0 days 00:01:35.153000,HARD,2.0,3.0,9.0
PIA,37.0,0 days 00:01:34.774000,HARD,3.0,3.0,9.0
PIA,38.0,0 days 00:01:35.298000,HARD,4.0,3.0,9.0
PIA,39.0,0 days 00:01:34.983000,HARD,5.0,3.0,9.0
PIA,40.0,0 days 00:01:35.005000,HARD,6.0,3.0,8.0
PIA,41.0,0 days 00:01:35.109000,HARD,7.0,3.0,8.0
PIA,42.0,0 days 00:01:35.341000,HARD,8.0,3.0,8.0
PIA,43.0,0 days 00:01:35.258000,HARD,9.0,3.0,8.0
PIA,44.0,0 days 00:01:35.238000,HARD,10.0,3.0,8.0
PIA,45.0,0 days 00:01:35.306000,HARD,11.0,3.0,8.0
PIA,46.0,0 days 00:01:35.296000,HARD,12.0,3.0,8.0
PIA,47.0,0 days 00:01:35.376000,HARD,13.0,3.0,8.0
PIA,48.0,0 days 00:01:35.702000,HARD,14.0,3.0,8.0
PIA,49.0,0 days 00:01:35.653000,HARD,15.0,3.0,8.0
PIA,50.0,0 days 00:01:35.984000,HARD,16.0,3.0,8.0
PIA,51.0,0 days 00:01:35.800000,HARD,17.0,3.0,8.0
PIA,52.0,0 days 00:01:36.024000,HARD,18.0,3.0,8.0
PIA,53.0,0 days 00:01:35.739000,HARD,19.0,3.0,8.0
PIA,54.0,0 days 00:01:36.107000,HARD,20.0,3.0,8.0
PIA,55.0,0 days 00:01:35.973000,HARD,21.0,3.0,8.0
PIA,56.0,0 days 00:01:36.100000,HARD,22.0,3.0,8.0
PIA,57.0,0 days 00:01:35.920000,HARD,23.0,3.0,8.0
ALO,1.0,0 days 00:01:41.679000,SOFT,4.0,1.0,6.0
ALO,2.0,0 days 00:01:38.020000,SOFT,5.0,1.0,6.0
ALO,3.0,0 days 00:01:39.046000,SOFT,6.0,1.0,7.0
ALO,4.0,0 days 00:01:37.776000,SOFT,7.0,1.0,7.0
ALO,5.0,0 days 00:01:39.292000,SOFT,8.0,1.0,8.0
ALO,6.0,0 days 00:01:38.053000,SOFT,9.0,1.0,8.0
ALO,7.0,0 days 00:01:38.008000,SOFT,10.0,1.0,8.0
ALO,8.0,0 days 00:01:38.103000,SOFT,11.0,1.0,8.0
ALO,9.0,0 days 00:01:38.896000,SOFT,12.0,1.0,8.0
ALO,10.0,0 days 00:01:39.325000,SOFT,13.0,1.0,9.0
ALO,11.0,0 days 00:01:38.554000,SOFT,14.0,1.0,9.0
ALO,12.0,0 days 00:01:38.543000,SOFT,15.0,1.0,6.0
ALO,13.0,0 days 00:01:38.587000,SOFT,16.0,1.0,4.0
ALO,14.0,0 days 00:01:38.612000,SOFT,17.0,1.0,3.0
ALO,15.0,0 days 00:01:41.101000,SOFT,18.0,1.0,2.0
ALO,16.0,0 days 00:01:58.814000,HARD,1.0,2.0,10.0
ALO,17.0,0 days 00:01:36.970000,HARD,2.0,2.0,9.0
ALO,18.0,0 days 00:01:37.361000,HARD,3.0,2.0,9.0
ALO,19.0,0 days 00:01:37.072000,HARD,4.0,2.0,9.0
ALO,20.0,0 days 00:01:37.357000,HARD,5.0,2.0,9.0
ALO,21.0,0 days 00:01:37.342000,HARD,6.0,2.0,9.0
ALO,22.0,0 days 00:01:37.122000,HARD,7.0,2.0,9.0
ALO,23.0,0 days 00:01:37.265000,HARD,8.0,2.0,9.0
ALO,24.0,0 days 00:01:37.046000,HARD,9.0,2.0,9.0
ALO,25.0,0 days 00:01:37.179000,HARD,10.0,2.0,9.0
ALO,26.0,0 days 00:01:37.638000,HARD,11.0,2.0,9.0
ALO,27.0,0 days 00:01:36.945000,HARD,12.0,2.0,9.0
ALO,28.0,0 days 00:01:37.256000,HARD,13.0,2.0,9.0
ALO,29.0,0 days 00:01:37.104000,HARD,14.0,2.0,9.0
ALO,30.0,0 days 00:01:36.982000,HARD,15.0,2.0,9.0
ALO,31.0,0 days 00:01:36.957000,HARD,16.0,2.0,9.0
ALO,32.0,0 days 00:01:37.056000,HARD,17.0,2.0,8.0
ALO,33.0,0 days 00:01:37.202000,HARD,18.0,2.0,8.0
ALO,34.0,0 days 00:01:37.601000,HARD,19.0,2.0,7.0
ALO,35.0,0 days 00:01:37.273000,HARD,20.0,2.0,5.0
ALO,36.0,0 days 00:01:38.343000,HARD,21.0,2.0,7.0
ALO,37.0,0 days 00:01:36.799000,HARD,22.0,2.0,7.0
ALO,38.0,0 days 00:01:37.297000,HARD,23.0,2.0,7.0
ALO,39.0,0 days 00:01:37.946000,HARD,24.0,2.0,8.0
ALO,40.0,0 days 00:01:38.061000,HARD,25.0,2.0,9.0
ALO,41.0,0 days 00:01:40.261000,HARD,26.0,2.0,9.0
ALO,42.0,0 days 00:01:56.899000,HARD,1.0,3.0,11.0
ALO,43.0,0 days 00:01:35.107000,HARD,2.0,3.0,11.0
ALO,44.0,0 days 00:01:34.981000,HARD,3.0,3.0,10.0
ALO,45.0,0 days 00:01:34.872000,HARD,4.0,3.0,10.0
ALO,46.0,0 days 00:01:35.126000,HARD,5.0,3.0,10.0
ALO,47.0,0 days 00:01:35.225000,HARD,6.0,3.0,10.0
ALO,48.0,0 days 00:01:34.199000,HARD,7.0,3.0,9.0
ALO,49.0,0 days 00:01:34.571000,HARD,8.0,3.0,9.0
ALO,50.0,0 days 00:01:34.677000,HARD,9.0,3.0,9.0
ALO,51.0,0 days 00:01:34.916000,HARD,10.0,3.0,9.0
ALO,52.0,0 days 00:01:34.862000,HARD,11.0,3.0,9.0
ALO,53.0,0 days 00:01:35.249000,HARD,12.0,3.0,9.0
ALO,54.0,0 days 00:01:35.745000,HARD,13.0,3.0,9.0
ALO,55.0,0 days 00:01:35.066000,HARD,14.0,3.0,9.0
ALO,56.0,0 days 00:01:35.014000,HARD,15.0,3.0,9.0
ALO,57.0,0 days 00:01:35.276000,HARD,16.0,3.0,9.0
STR,1.0,0 days 00:01:50.214000,SOFT,1.0,1.0,19.0
STR,2.0,0 days 00:01:37.987000,SOFT,2.0,1.0,19.0
STR,3.0,0 days 00:01:38.279000,SOFT,3.0,1.0,19.0
STR,4.0,0 days 00:01:38.364000,SOFT,4.0,1.0,19.0
STR,5.0,0 days 00:01:38.725000,SOFT,5.0,1.0,18.0
STR,6.0,0 days 00:01:38.925000,SOFT,6.0,1.0,18.0
STR,7.0,0 days 00:01:38.769000,SOFT,7.0,1.0,18.0
STR,8.0,0 days 00:01:38.857000,SOFT,8.0,1.0,18.0
STR,9.0,0 days 00:01:42.112000,SOFT,9.0,1.0,19.0
STR,10.0,0 days 00:01:57.815000,HARD,1.0,2.0,18.0
STR,11.0,0 days 00:01:36.494000,HARD,2.0,2.0,17.0
STR,12.0,0 days 00:01:37.175000,HARD,3.0,2.0,16.0
STR,13.0,0 days 00:01:37.289000,HARD,4.0,2.0,14.0
STR,14.0,0 days 00:01:37.624000,HARD,5.0,2.0,13.0
STR,15.0,0 days 00:01:37.533000,HARD,6.0,2.0,12.0
STR,16.0,0 days 00:01:38.027000,HARD,7.0,2.0,11.0
STR,17.0,0 days 00:01:38.777000,HARD,8.0,2.0,12.0
STR,18.0,0 days 00:01:37.417000,HARD,9.0,2.0,12.0
STR,19.0,0 days 00:01:37.554000,HARD,10.0,2.0,12.0
STR,20.0,0 days 00:01:37.859000,HARD,11.0,2.0,12.0
STR,21.0,0 days 00:01:38.022000,HARD,12.0,2.0,12.0
STR,22.0,0 days 00:01:38.175000,HARD,13.0,2.0,12.0
STR,23.0,0 days 00:01:37.826000,HARD,14.0,2.0,12.0
STR,24.0,0 days 00:01:38.138000,HARD,15.0,2.0,12.0
STR,25.0,0 days 00:01:37.994000,HARD,16.0,2.0,12.0
STR,26.0,0 days 00:01:38.133000,HARD,17.0,2.0,12.0
STR,27.0,0 days 00:01:40.710000,HARD,18.0,2.0,13.0
STR,28.0,0 days 00:01:56.640000,HARD,1.0,3.0,18.0
STR,29.0,0 days 00:01:35.854000,HARD,2.0,3.0,18.0
STR,30.0,0 days 00:01:35.632000,HARD,3.0,3.0,18.0
STR,31.0,0 days 00:01:36.202000,HARD,4.0,3.0,15.0
STR,32.0,0 days 00:01:35.821000,HARD,5.0,3.0,15.0
STR,33.0,0 days 00:01:36.349000,HARD,6.0,3.0,13.0
STR,34.0,0 days 00:01:36.332000,HARD,7.0,3.0,13.0
STR,35.0,0 days 00:01:36.242000,HARD,8.0,3.0,12.0
STR,36.0,0 days 00:01:36.086000,HARD,9.0,3.0,11.0
STR,37.0,0 days 00:01:35.987000,HARD,10.0,3.0,10.0
STR,38.0,0 days 00:01:36.364000,HARD,11.0,3.0,10.0
STR,39.0,0 days 00:01:36.353000,HARD,12.0,3.0,10.0
STR,40.0,0 days 00:01:36.485000,HARD,13.0,3.0,10.0
STR,41.0,0 days 00:01:36.322000,HARD,14.0,3.0,10.0
STR,42.0,0 days 00:01:36.343000,HARD,15.0,3.0,9.0
STR,43.0,0 days 00:01:36.304000,HARD,16.0,3.0,9.0
STR,44.0,0 days 00:01:36.564000,HARD,17.0,3.0,9.0
STR,45.0,0 days 00:01:36.243000,HARD,18.0,3.0,9.0
STR,46.0,0 days 00:01:36.379000,HARD,19.0,3.0,9.0
STR,47.0,0 days 00:01:36.298000,HARD,20.0,3.0,9.0
STR,48.0,0 days 00:01:37.325000,HARD,21.0,3.0,10.0
STR,49.0,0 days 00:01:36.871000,HARD,22.0,3.0,10.0
STR,50.0,0 days 00:01:36.541000,HARD,23.0,3.0,10.0
STR,51.0,0 days 00:01:36.763000,HARD,24.0,3.0,10.0
STR,52.0,0 days 00:01:36.934000,HARD,25.0,3.0,10.0
STR,53.0,0 days 00:01:36.640000,HARD,26.0,3.0,10.0
STR,54.0,0 days 00:01:36.693000,HARD,27.0,3.0,10.0
STR,55.0,0 days 00:01:36.680000,HARD,28.0,3.0,10.0
STR,56.0,0 days 00:01:36.582000,HARD,29.0,3.0,10.0
STR,57.0,0 days 00:01:37.335000,HARD,30.0,3.0,10.0
ZHO,1.0,0 days 00:01:44.801000,SOFT,1.0,1.0,13.0
ZHO,2.0,0 days 00:01:38.920000,SOFT,2.0,1.0,13.0
ZHO,3.0,0 days 00:01:38.582000,SOFT,3.0,1.0,13.0
ZHO,4.0,0 days 00:01:38.428000,SOFT,4.0,1.0,13.0
ZHO,5.0,0 days 00:01:38.798000,SOFT,5.0,1.0,13.0
ZHO,6.0,0 days 00:01:38.488000,SOFT,6.0,1.0,13.0
ZHO,7.0,0 days 00:01:39.517000,SOFT,7.0,1.0,13.0
ZHO,8.0,0 days 00:01:39.646000,SOFT,8.0,1.0,13.0
ZHO,9.0,0 days 00:01:41.849000,SOFT,9.0,1.0,16.0
ZHO,10.0,0 days 00:01:59.328000,HARD,1.0,2.0,17.0
ZHO,11.0,0 days 00:01:36.365000,HARD,2.0,2.0,16.0
ZHO,12.0,0 days 00:01:36.995000,HARD,3.0,2.0,15.0
ZHO,13.0,0 days 00:01:37.436000,HARD,4.0,2.0,13.0
ZHO,14.0,0 days 00:01:37.482000,HARD,5.0,2.0,12.0
ZHO,15.0,0 days 00:01:37.500000,HARD,6.0,2.0,11.0
ZHO,16.0,0 days 00:01:37.659000,HARD,7.0,2.0,9.0
ZHO,17.0,0 days 00:01:38.475000,HARD,8.0,2.0,10.0
ZHO,18.0,0 days 00:01:37.552000,HARD,9.0,2.0,10.0
ZHO,19.0,0 days 00:01:37.652000,HARD,10.0,2.0,10.0
ZHO,20.0,0 days 00:01:37.749000,HARD,11.0,2.0,10.0
ZHO,21.0,0 days 00:01:37.947000,HARD,12.0,2.0,10.0
ZHO,22.0,0 days 00:01:37.852000,HARD,13.0,2.0,10.0
ZHO,23.0,0 days 00:01:37.788000,HARD,14.0,2.0,10.0
ZHO,24.0,0 days 00:01:37.894000,HARD,15.0,2.0,10.0
ZHO,25.0,0 days 00:01:37.883000,HARD,16.0,2.0,10.0
ZHO,26.0,0 days 00:01:37.995000,HARD,17.0,2.0,10.0
ZHO,27.0,0 days 00:01:38.053000,HARD,18.0,2.0,10.0
ZHO,28.0,0 days 00:01:40.675000,HARD,19.0,2.0,11.0
ZHO,29.0,0 days 00:01:57.076000,HARD,1.0,3.0,17.0
ZHO,30.0,0 days 00:01:35.458000,HARD,2.0,3.0,17.0
ZHO,31.0,0 days 00:01:36.297000,HARD,3.0,3.0,14.0
ZHO,32.0,0 days 00:01:36.048000,HARD,4.0,3.0,14.0
ZHO,33.0,0 days 00:01:37.971000,HARD,5.0,3.0,14.0
ZHO,34.0,0 days 00:01:36.518000,HARD,6.0,3.0,14.0
ZHO,35.0,0 days 00:01:36.546000,HARD,7.0,3.0,13.0
ZHO,36.0,0 days 00:01:36.931000,HARD,8.0,3.0,12.0
ZHO,37.0,0 days 00:01:36.805000,HARD,9.0,3.0,11.0
ZHO,38.0,0 days 00:01:36.857000,HARD,10.0,3.0,11.0
ZHO,39.0,0 days 00:01:36.637000,HARD,11.0,3.0,11.0
ZHO,40.0,0 days 00:01:36.683000,HARD,12.0,3.0,11.0
ZHO,41.0,0 days 00:01:36.695000,HARD,13.0,3.0,11.0
ZHO,42.0,0 days 00:01:36.652000,HARD,14.0,3.0,10.0
ZHO,43.0,0 days 00:01:36.771000,HARD,15.0,3.0,10.0
ZHO,44.0,0 days 00:01:37.417000,HARD,16.0,3.0,11.0
ZHO,45.0,0 days 00:01:36.680000,HARD,17.0,3.0,11.0
ZHO,46.0,0 days 00:01:36.741000,HARD,18.0,3.0,11.0
ZHO,47.0,0 days 00:01:36.561000,HARD,19.0,3.0,11.0
ZHO,48.0,0 days 00:01:36.654000,HARD,20.0,3.0,11.0
ZHO,49.0,0 days 00:01:36.720000,HARD,21.0,3.0,11.0
ZHO,50.0,0 days 00:01:36.792000,HARD,22.0,3.0,11.0
ZHO,51.0,0 days 00:01:37.042000,HARD,23.0,3.0,11.0
ZHO,52.0,0 days 00:01:37.394000,HARD,24.0,3.0,11.0
ZHO,53.0,0 days 00:01:37.141000,HARD,25.0,3.0,11.0
ZHO,54.0,0 days 00:01:38.389000,HARD,26.0,3.0,11.0
ZHO,55.0,0 days 00:01:37.383000,HARD,27.0,3.0,11.0
ZHO,56.0,0 days 00:01:37.333000,HARD,28.0,3.0,11.0
MAG,1.0,0 days 00:01:44.349000,SOFT,1.0,1.0,12.0
MAG,2.0,0 days 00:01:38.911000,SOFT,2.0,1.0,12.0
MAG,3.0,0 days 00:01:38.399000,SOFT,3.0,1.0,12.0
MAG,4.0,0 days 00:01:38.497000,SOFT,4.0,1.0,12.0
MAG,5.0,0 days 00:01:38.576000,SOFT,5.0,1.0,12.0
MAG,6.0,0 days 00:01:38.529000,SOFT,6.0,1.0,12.0
MAG,7.0,0 days 00:01:40.058000,SOFT,7.0,1.0,12.0
MAG,8.0,0 days 00:01:39.172000,SOFT,8.0,1.0,12.0
MAG,9.0,0 days 00:01:38.861000,SOFT,9.0,1.0,12.0
MAG,10.0,0 days 00:01:38.747000,SOFT,10.0,1.0,12.0
MAG,11.0,0 days 00:01:41.088000,SOFT,11.0,1.0,12.0
MAG,12.0,0 days 00:01:59.682000,HARD,1.0,2.0,17.0
MAG,13.0,0 days 00:01:36.890000,HARD,2.0,2.0,15.0
MAG,14.0,0 days 00:01:37.590000,HARD,3.0,2.0,14.0
MAG,15.0,0 days 00:01:38.332000,HARD,4.0,2.0,14.0
MAG,16.0,0 days 00:01:37.749000,HARD,5.0,2.0,13.0
MAG,17.0,0 days 00:01:38.282000,HARD,6.0,2.0,13.0
MAG,18.0,0 days 00:01:37.583000,HARD,7.0,2.0,13.0
MAG,19.0,0 days 00:01:37.792000,HARD,8.0,2.0,13.0
MAG,20.0,0 days 00:01:38.062000,HARD,9.0,2.0,13.0
MAG,21.0,0 days 00:01:38.010000,HARD,10.0,2.0,13.0
MAG,22.0,0 days 00:01:38.147000,HARD,11.0,2.0,13.0
MAG,23.0,0 days 00:01:38.293000,HARD,12.0,2.0,13.0
MAG,24.0,0 days 00:01:38.156000,HARD,13.0,2.0,13.0
MAG,25.0,0 days 00:01:38.290000,HARD,14.0,2.0,13.0
MAG,26.0,0 days 00:01:38.093000,HARD,15.0,2.0,13.0
MAG,27.0,0 days 00:01:38.226000,HARD,16.0,2.0,12.0
MAG,28.0,0 days 00:01:37.936000,HARD,17.0,2.0,12.0
MAG,29.0,0 days 00:01:37.965000,HARD,18.0,2.0,11.0
MAG,30.0,0 days 00:01:38.040000,HARD,19.0,2.0,11.0
MAG,31.0,0 days 00:01:38,HARD,20.0,2.0,11.0
MAG,32.0,0 days 00:01:40.565000,HARD,21.0,2.0,13.0
MAG,33.0,0 days 00:01:56.655000,HARD,1.0,3.0,16.0
MAG,34.0,0 days 00:01:35.570000,HARD,2.0,3.0,16.0
MAG,35.0,0 days 00:01:35.698000,HARD,3.0,3.0,16.0
MAG,36.0,0 days 00:01:35.851000,HARD,4.0,3.0,14.0
MAG,37.0,0 days 00:01:35.741000,HARD,5.0,3.0,13.0
MAG,38.0,0 days 00:01:36.042000,HARD,6.0,3.0,12.0
MAG,39.0,0 days 00:01:35.876000,HARD,7.0,3.0,12.0
MAG,40.0,0 days 00:01:36.071000,HARD,8.0,3.0,12.0
MAG,41.0,0 days 00:01:36.340000,HARD,9.0,3.0,12.0
MAG,42.0,0 days 00:01:36.310000,HARD,10.0,3.0,12.0
MAG,43.0,0 days 00:01:36.232000,HARD,11.0,3.0,12.0
MAG,44.0,0 days 00:01:36.249000,HARD,12.0,3.0,12.0
MAG,45.0,0 days 00:01:36.349000,HARD,13.0,3.0,12.0
MAG,46.0,0 days 00:01:36.446000,HARD,14.0,3.0,12.0
MAG,47.0,0 days 00:01:36.454000,HARD,15.0,3.0,12.0
MAG,48.0,0 days 00:01:36.679000,HARD,16.0,3.0,12.0
MAG,49.0,0 days 00:01:36.842000,HARD,17.0,3.0,12.0
MAG,50.0,0 days 00:01:37.035000,HARD,18.0,3.0,12.0
MAG,51.0,0 days 00:01:36.929000,HARD,19.0,3.0,12.0
MAG,52.0,0 days 00:01:36.930000,HARD,20.0,3.0,12.0
MAG,53.0,0 days 00:01:37.958000,HARD,21.0,3.0,12.0
MAG,54.0,0 days 00:01:36.890000,HARD,22.0,3.0,12.0
MAG,55.0,0 days 00:01:37.457000,HARD,23.0,3.0,12.0
MAG,56.0,0 days 00:01:37.584000,HARD,24.0,3.0,12.0
RIC,1.0,0 days 00:01:45.668000,SOFT,4.0,1.0,14.0
RIC,2.0,0 days 00:01:39.509000,SOFT,5.0,1.0,15.0
RIC,3.0,0 days 00:01:38.760000,SOFT,6.0,1.0,15.0
RIC,4.0,0 days 00:01:38.610000,SOFT,7.0,1.0,15.0
RIC,5.0,0 days 00:01:38.704000,SOFT,8.0,1.0,15.0
RIC,6.0,0 days 00:01:38.689000,SOFT,9.0,1.0,15.0
RIC,7.0,0 days 00:01:39.193000,SOFT,10.0,1.0,15.0
RIC,8.0,0 days 00:01:39.529000,SOFT,11.0,1.0,15.0
RIC,9.0,0 days 00:01:39.338000,SOFT,12.0,1.0,14.0
RIC,10.0,0 days 00:01:38.782000,SOFT,13.0,1.0,13.0
RIC,11.0,0 days 00:01:39.033000,SOFT,14.0,1.0,13.0
RIC,12.0,0 days 00:01:38.893000,SOFT,15.0,1.0,10.0
RIC,13.0,0 days 00:01:42.173000,SOFT,16.0,1.0,10.0
RIC,14.0,0 days 00:01:59.408000,HARD,1.0,2.0,16.0
RIC,15.0,0 days 00:01:37.070000,HARD,2.0,2.0,16.0
RIC,16.0,0 days 00:01:37.176000,HARD,3.0,2.0,16.0
RIC,17.0,0 days 00:01:37.290000,HARD,4.0,2.0,16.0
RIC,18.0,0 days 00:01:37.700000,HARD,5.0,2.0,16.0
RIC,19.0,0 days 00:01:38.350000,HARD,6.0,2.0,16.0
RIC,20.0,0 days 00:01:37.865000,HARD,7.0,2.0,16.0
RIC,21.0,0 days 00:01:37.392000,HARD,8.0,2.0,15.0
RIC,22.0,0 days 00:01:37.750000,HARD,9.0,2.0,15.0
RIC,23.0,0 days 00:01:37.772000,HARD,10.0,2.0,15.0
RIC,24.0,0 days 00:01:37.766000,HARD,11.0,2.0,15.0
RIC,25.0,0 days 00:01:37.973000,HARD,12.0,2.0,15.0
RIC,26.0,0 days 00:01:38.029000,HARD,13.0,2.0,15.0
RIC,27.0,0 days 00:01:38.152000,HARD,14.0,2.0,15.0
RIC,28.0,0 days 00:01:38.045000,HARD,15.0,2.0,14.0
RIC,29.0,0 days 00:01:37.960000,HARD,16.0,2.0,13.0
RIC,30.0,0 days 00:01:37.978000,HARD,17.0,2.0,13.0
RIC,31.0,0 days 00:01:38.154000,HARD,18.0,2.0,13.0
RIC,32.0,0 days 00:01:38.025000,HARD,19.0,2.0,12.0
RIC,33.0,0 days 00:01:38.150000,HARD,20.0,2.0,12.0
RIC,34.0,0 days 00:01:38.246000,HARD,21.0,2.0,12.0
RIC,35.0,0 days 00:01:40.595000,HARD,22.0,2.0,11.0
RIC,36.0,0 days 00:01:56.995000,SOFT,1.0,3.0,16.0
RIC,37.0,0 days 00:01:35.163000,SOFT,2.0,3.0,15.0
RIC,38.0,0 days 00:01:35.460000,SOFT,3.0,3.0,15.0
RIC,39.0,0 days 00:01:35.475000,SOFT,4.0,3.0,15.0
RIC,40.0,0 days 00:01:35.578000,SOFT,5.0,3.0,15.0
RIC,41.0,0 days 00:01:35.644000,SOFT,6.0,3.0,14.0
RIC,42.0,0 days 00:01:35.338000,SOFT,7.0,3.0,14.0
RIC,43.0,0 days 00:01:35.560000,SOFT,8.0,3.0,14.0
RIC,44.0,0 days 00:01:35.490000,SOFT,9.0,3.0,14.0
RIC,45.0,0 days 00:01:35.570000,SOFT,10.0,3.0,14.0
RIC,46.0,0 days 00:01:35.507000,SOFT,11.0,3.0,14.0
RIC,47.0,0 days 00:01:35.831000,SOFT,12.0,3.0,14.0
RIC,48.0,0 days 00:01:36.236000,SOFT,13.0,3.0,14.0
RIC,49.0,0 days 00:01:36.442000,SOFT,14.0,3.0,14.0
RIC,50.0,0 days 00:01:36.609000,SOFT,15.0,3.0,14.0
RIC,51.0,0 days 00:01:37.103000,SOFT,16.0,3.0,14.0
RIC,52.0,0 days 00:01:37.529000,SOFT,17.0,3.0,13.0
RIC,53.0,0 days 00:01:36.745000,SOFT,18.0,3.0,13.0
RIC,54.0,0 days 00:01:36.661000,SOFT,19.0,3.0,13.0
RIC,55.0,0 days 00:01:37.375000,SOFT,20.0,3.0,13.0
RIC,56.0,0 days 00:01:37.662000,SOFT,21.0,3.0,13.0
TSU,1.0,0 days 00:01:43.485000,SOFT,1.0,1.0,10.0
TSU,2.0,0 days 00:01:38.689000,SOFT,2.0,1.0,10.0
TSU,3.0,0 days 00:01:38.431000,SOFT,3.0,1.0,10.0
TSU,4.0,0 days 00:01:38.310000,SOFT,4.0,1.0,10.0
TSU,5.0,0 days 00:01:38.321000,SOFT,5.0,1.0,10.0
TSU,6.0,0 days 00:01:38.361000,SOFT,6.0,1.0,10.0
TSU,7.0,0 days 00:01:38.364000,SOFT,7.0,1.0,10.0
TSU,8.0,0 days 00:01:38.513000,SOFT,8.0,1.0,10.0
TSU,9.0,0 days 00:01:38.554000,SOFT,9.0,1.0,10.0
TSU,10.0,0 days 00:01:38.912000,SOFT,10.0,1.0,10.0
TSU,11.0,0 days 00:01:38.799000,SOFT,11.0,1.0,10.0
TSU,12.0,0 days 00:01:38.769000,SOFT,12.0,1.0,8.0
TSU,13.0,0 days 00:01:38.860000,SOFT,13.0,1.0,5.0
TSU,14.0,0 days 00:01:41.138000,SOFT,14.0,1.0,4.0
TSU,15.0,0 days 00:01:59.588000,HARD,1.0,2.0,13.0
TSU,16.0,0 days 00:01:37.516000,HARD,2.0,2.0,12.0
TSU,17.0,0 days 00:01:37.482000,HARD,3.0,2.0,11.0
TSU,18.0,0 days 00:01:37.359000,HARD,4.0,2.0,11.0
TSU,19.0,0 days 00:01:37.396000,HARD,5.0,2.0,11.0
TSU,20.0,0 days 00:01:37.766000,HARD,6.0,2.0,11.0
TSU,21.0,0 days 00:01:37.777000,HARD,7.0,2.0,11.0
TSU,22.0,0 days 00:01:37.837000,HARD,8.0,2.0,11.0
TSU,23.0,0 days 00:01:37.671000,HARD,9.0,2.0,11.0
TSU,24.0,0 days 00:01:37.634000,HARD,10.0,2.0,11.0
TSU,25.0,0 days 00:01:37.851000,HARD,11.0,2.0,11.0
TSU,26.0,0 days 00:01:38.058000,HARD,12.0,2.0,11.0
TSU,27.0,0 days 00:01:38.083000,HARD,13.0,2.0,11.0
TSU,28.0,0 days 00:01:38.164000,HARD,14.0,2.0,10.0
TSU,29.0,0 days 00:01:37.777000,HARD,15.0,2.0,10.0
TSU,30.0,0 days 00:01:37.477000,HARD,16.0,2.0,10.0
TSU,31.0,0 days 00:01:37.468000,HARD,17.0,2.0,10.0
TSU,32.0,0 days 00:01:37.847000,HARD,18.0,2.0,10.0
TSU,33.0,0 days 00:01:37.498000,HARD,19.0,2.0,10.0
TSU,34.0,0 days 00:01:40.835000,HARD,20.0,2.0,10.0
TSU,35.0,0 days 00:01:57.417000,HARD,1.0,3.0,15.0
TSU,36.0,0 days 00:01:37.706000,HARD,2.0,3.0,15.0
TSU,37.0,0 days 00:01:35.833000,HARD,3.0,3.0,14.0
TSU,38.0,0 days 00:01:37.046000,HARD,4.0,3.0,13.0
TSU,39.0,0 days 00:01:36.125000,HARD,5.0,3.0,13.0
TSU,40.0,0 days 00:01:36.263000,HARD,6.0,3.0,13.0
TSU,41.0,0 days 00:01:36.179000,HARD,7.0,3.0,13.0
TSU,42.0,0 days 00:01:35.981000,HARD,8.0,3.0,13.0
TSU,43.0,0 days 00:01:35.956000,HARD,9.0,3.0,13.0
TSU,44.0,0 days 00:01:36.144000,HARD,10.0,3.0,13.0
TSU,45.0,0 days 00:01:35.964000,HARD,11.0,3.0,13.0
TSU,46.0,0 days 00:01:36.187000,HARD,12.0,3.0,13.0
TSU,47.0,0 days 00:01:36.396000,HARD,13.0,3.0,13.0
TSU,48.0,0 days 00:01:36.554000,HARD,14.0,3.0,13.0
TSU,49.0,0 days 00:01:36.695000,HARD,15.0,3.0,13.0
TSU,50.0,0 days 00:01:36.827000,HARD,16.0,3.0,13.0
TSU,51.0,0 days 00:01:37.067000,HARD,17.0,3.0,13.0
TSU,52.0,0 days 00:01:39.042000,HARD,18.0,3.0,14.0
TSU,53.0,0 days 00:01:36.838000,HARD,19.0,3.0,14.0
TSU,54.0,0 days 00:01:36.672000,HARD,20.0,3.0,14.0
TSU,55.0,0 days 00:01:37.269000,HARD,21.0,3.0,14.0
TSU,56.0,0 days 00:01:37.473000,HARD,22.0,3.0,14.0
ALB,1.0,0 days 00:01:43.888000,SOFT,1.0,1.0,11.0
ALB,2.0,0 days 00:01:38.826000,SOFT,2.0,1.0,11.0
ALB,3.0,0 days 00:01:38.507000,SOFT,3.0,1.0,11.0
ALB,4.0,0 days 00:01:38.422000,SOFT,4.0,1.0,11.0
ALB,5.0,0 days 00:01:38.509000,SOFT,5.0,1.0,11.0
ALB,6.0,0 days 00:01:38.575000,SOFT,6.0,1.0,11.0
ALB,7.0,0 days 00:01:38.971000,SOFT,7.0,1.0,11.0
ALB,8.0,0 days 00:01:38.660000,SOFT,8.0,1.0,11.0
ALB,9.0,0 days 00:01:38.652000,SOFT,9.0,1.0,11.0
ALB,10.0,0 days 00:01:38.952000,SOFT,10.0,1.0,11.0
ALB,11.0,0 days 00:01:38.835000,SOFT,11.0,1.0,11.0
ALB,12.0,0 days 00:01:38.934000,SOFT,12.0,1.0,9.0
ALB,13.0,0 days 00:01:38.823000,SOFT,13.0,1.0,6.0
ALB,14.0,0 days 00:01:38.977000,SOFT,14.0,1.0,5.0
ALB,15.0,0 days 00:01:41.171000,SOFT,15.0,1.0,5.0
ALB,16.0,0 days 00:01:59.341000,HARD,1.0,2.0,15.0
ALB,17.0,0 days 00:01:37.392000,HARD,2.0,2.0,14.0
ALB,18.0,0 days 00:01:37.590000,HARD,3.0,2.0,14.0
ALB,19.0,0 days 00:01:37.763000,HARD,4.0,2.0,14.0
ALB,20.0,0 days 00:01:37.701000,HARD,5.0,2.0,14.0
ALB,21.0,0 days 00:01:37.918000,HARD,6.0,2.0,14.0
ALB,22.0,0 days 00:01:38.031000,HARD,7.0,2.0,14.0
ALB,23.0,0 days 00:01:37.869000,HARD,8.0,2.0,14.0
ALB,24.0,0 days 00:01:38.204000,HARD,9.0,2.0,14.0
ALB,25.0,0 days 00:01:38.226000,HARD,10.0,2.0,14.0
ALB,26.0,0 days 00:01:38.100000,HARD,11.0,2.0,14.0
ALB,27.0,0 days 00:01:38.296000,HARD,12.0,2.0,14.0
ALB,28.0,0 days 00:01:38.048000,HARD,13.0,2.0,13.0
ALB,29.0,0 days 00:01:37.879000,HARD,14.0,2.0,12.0
ALB,30.0,0 days 00:01:37.968000,HARD,15.0,2.0,12.0
ALB,31.0,0 days 00:01:38.135000,HARD,16.0,2.0,12.0
ALB,32.0,0 days 00:01:38.183000,HARD,17.0,2.0,11.0
ALB,33.0,0 days 00:01:38.346000,HARD,18.0,2.0,11.0
ALB,34.0,0 days 00:01:37.750000,HARD,19.0,2.0,11.0
ALB,35.0,0 days 00:01:37.767000,HARD,20.0,2.0,10.0
ALB,36.0,0 days 00:01:40.333000,HARD,21.0,2.0,10.0
ALB,37.0,0 days 00:01:57.632000,HARD,1.0,3.0,16.0
ALB,38.0,0 days 00:01:36.129000,HARD,2.0,3.0,16.0
ALB,39.0,0 days 00:01:35.856000,HARD,3.0,3.0,16.0
ALB,40.0,0 days 00:01:35.723000,HARD,4.0,3.0,16.0
ALB,41.0,0 days 00:01:35.885000,HARD,5.0,3.0,16.0
ALB,42.0,0 days 00:01:35.799000,HARD,6.0,3.0,15.0
ALB,43.0,0 days 00:01:35.766000,HARD,7.0,3.0,15.0
ALB,44.0,0 days 00:01:35.783000,HARD,8.0,3.0,15.0
ALB,45.0,0 days 00:01:35.758000,HARD,9.0,3.0,15.0
ALB,46.0,0 days 00:01:36.008000,HARD,10.0,3.0,15.0
ALB,47.0,0 days 00:01:36.026000,HARD,11.0,3.0,15.0
ALB,48.0,0 days 00:01:36.135000,HARD,12.0,3.0,15.0
ALB,49.0,0 days 00:01:37.102000,HARD,13.0,3.0,15.0
ALB,50.0,0 days 00:01:37.616000,HARD,14.0,3.0,15.0
ALB,51.0,0 days 00:01:37.493000,HARD,15.0,3.0,15.0
ALB,52.0,0 days 00:01:36.218000,HARD,16.0,3.0,15.0
ALB,53.0,0 days 00:01:36.308000,HARD,17.0,3.0,15.0
ALB,54.0,0 days 00:01:36.334000,HARD,18.0,3.0,15.0
ALB,55.0,0 days 00:01:36.593000,HARD,19.0,3.0,15.0
ALB,56.0,0 days 00:01:36.922000,HARD,20.0,3.0,15.0
HUL,1.0,0 days 00:01:53.555000,SOFT,1.0,1.0,20.0
HUL,2.0,0 days 00:02:10.911000,HARD,1.0,2.0,20.0
HUL,3.0,0 days 00:01:37.317000,HARD,2.0,2.0,20.0
HUL,4.0,0 days 00:01:37.349000,HARD,3.0,2.0,20.0
HUL,5.0,0 days 00:01:37.663000,HARD,4.0,2.0,20.0
HUL,6.0,0 days 00:01:37.896000,HARD,5.0,2.0,20.0
HUL,7.0,0 days 00:01:37.682000,HARD,6.0,2.0,20.0
HUL,8.0,0 days 00:01:37.820000,HARD,7.0,2.0,20.0
HUL,9.0,0 days 00:01:37.883000,HARD,8.0,2.0,20.0
HUL,10.0,0 days 00:01:38.370000,HARD,9.0,2.0,19.0
HUL,11.0,0 days 00:01:37.638000,HARD,10.0,2.0,19.0
HUL,12.0,0 days 00:01:37.706000,HARD,11.0,2.0,19.0
HUL,13.0,0 days 00:01:37.801000,HARD,12.0,2.0,17.0
HUL,14.0,0 days 00:01:37.879000,HARD,13.0,2.0,17.0
HUL,15.0,0 days 00:01:38.110000,HARD,14.0,2.0,17.0
HUL,16.0,0 days 00:01:37.796000,HARD,15.0,2.0,17.0
HUL,17.0,0 days 00:01:37.891000,HARD,16.0,2.0,17.0
HUL,18.0,0 days 00:01:38.216000,HARD,17.0,2.0,17.0
HUL,19.0,0 days 00:01:37.862000,HARD,18.0,2.0,17.0
HUL,20.0,0 days 00:01:40.798000,HARD,19.0,2.0,19.0
HUL,21.0,0 days 00:01:58.699000,HARD,1.0,3.0,19.0
HUL,22.0,0 days 00:01:36.858000,HARD,2.0,3.0,19.0
HUL,23.0,0 days 00:01:36.725000,HARD,3.0,3.0,19.0
HUL,24.0,0 days 00:01:36.626000,HARD,4.0,3.0,19.0
HUL,25.0,0 days 00:01:36.652000,HARD,5.0,3.0,19.0
HUL,26.0,0 days 00:01:36.548000,HARD,6.0,3.0,19.0
HUL,27.0,0 days 00:01:36.647000,HARD,7.0,3.0,19.0
HUL,28.0,0 days 00:01:37.254000,HARD,8.0,3.0,19.0
HUL,29.0,0 days 00:01:36.837000,HARD,9.0,3.0,19.0
HUL,30.0,0 days 00:01:36.691000,HARD,10.0,3.0,19.0
HUL,31.0,0 days 00:01:36.578000,HARD,11.0,3.0,17.0
HUL,32.0,0 days 00:01:36.935000,HARD,12.0,3.0,16.0
HUL,33.0,0 days 00:01:36.784000,HARD,13.0,3.0,15.0
HUL,34.0,0 days 00:01:36.692000,HARD,14.0,3.0,15.0
HUL,35.0,0 days 00:01:36.959000,HARD,15.0,3.0,14.0
HUL,36.0,0 days 00:01:36.795000,HARD,16.0,3.0,13.0
HUL,37.0,0 days 00:01:36.723000,HARD,17.0,3.0,12.0
HUL,38.0,0 days 00:01:40.083000,HARD,18.0,3.0,14.0
HUL,39.0,0 days 00:01:37.476000,HARD,19.0,3.0,14.0
HUL,40.0,0 days 00:01:37.088000,HARD,20.0,3.0,14.0
HUL,41.0,0 days 00:01:39.569000,HARD,21.0,3.0,15.0
HUL,42.0,0 days 00:01:56.108000,SOFT,2.0,4.0,18.0
HUL,43.0,0 days 00:01:35.760000,SOFT,3.0,4.0,18.0
HUL,44.0,0 days 00:01:35.590000,SOFT,4.0,4.0,17.0
HUL,45.0,0 days 00:01:35.119000,SOFT,5.0,4.0,17.0
HUL,46.0,0 days 00:01:34.834000,SOFT,6.0,4.0,17.0
HUL,47.0,0 days 00:01:35.226000,SOFT,7.0,4.0,17.0
HUL,48.0,0 days 00:01:35.146000,SOFT,8.0,4.0,17.0
HUL,49.0,0 days 00:01:35.494000,SOFT,9.0,4.0,17.0
HUL,50.0,0 days 00:01:35.167000,SOFT,10.0,4.0,16.0
HUL,51.0,0 days 00:01:35.529000,SOFT,11.0,4.0,16.0
HUL,52.0,0 days 00:01:35.921000,SOFT,12.0,4.0,16.0
HUL,53.0,0 days 00:01:35.994000,SOFT,13.0,4.0,16.0
HUL,54.0,0 days 00:01:35.786000,SOFT,14.0,4.0,16.0
HUL,55.0,0 days 00:01:35.736000,SOFT,15.0,4.0,16.0
HUL,56.0,0 days 00:01:35.602000,SOFT,16.0,4.0,16.0
OCO,1.0,0 days 00:01:46.657000,SOFT,1.0,1.0,16.0
OCO,2.0,0 days 00:01:39.094000,SOFT,2.0,1.0,16.0
OCO,3.0,0 days 00:01:38.771000,SOFT,3.0,1.0,16.0
OCO,4.0,0 days 00:01:38.625000,SOFT,4.0,1.0,16.0
OCO,5.0,0 days 00:01:38.640000,SOFT,5.0,1.0,16.0
OCO,6.0,0 days 00:01:38.874000,SOFT,6.0,1.0,16.0
OCO,7.0,0 days 00:01:39.152000,SOFT,7.0,1.0,16.0
OCO,8.0,0 days 00:01:39.422000,SOFT,8.0,1.0,16.0
OCO,9.0,0 days 00:01:39.312000,SOFT,9.0,1.0,15.0
OCO,10.0,0 days 00:01:41.642000,SOFT,10.0,1.0,16.0
OCO,11.0,0 days 00:01:59.014000,HARD,1.0,2.0,18.0
OCO,12.0,0 days 00:01:37.599000,HARD,2.0,2.0,18.0
OCO,13.0,0 days 00:01:37.363000,HARD,3.0,2.0,16.0
OCO,14.0,0 days 00:01:37.537000,HARD,4.0,2.0,15.0
OCO,15.0,0 days 00:01:37.843000,HARD,5.0,2.0,15.0
OCO,16.0,0 days 00:01:37.902000,HARD,6.0,2.0,14.0
OCO,17.0,0 days 00:01:38.911000,HARD,7.0,2.0,15.0
OCO,18.0,0 days 00:01:38.120000,HARD,8.0,2.0,15.0
OCO,19.0,0 days 00:01:38.332000,HARD,9.0,2.0,15.0
OCO,20.0,0 days 00:01:38.185000,HARD,10.0,2.0,15.0
OCO,21.0,0 days 00:01:39.363000,HARD,11.0,2.0,16.0
OCO,22.0,0 days 00:01:38.655000,HARD,12.0,2.0,16.0
OCO,23.0,0 days 00:01:38.407000,HARD,13.0,2.0,16.0
OCO,24.0,0 days 00:01:38.420000,HARD,14.0,2.0,16.0
OCO,25.0,0 days 00:01:38.494000,HARD,15.0,2.0,16.0
OCO,26.0,0 days 00:01:38.665000,HARD,16.0,2.0,16.0
OCO,27.0,0 days 00:01:38.549000,HARD,17.0,2.0,16.0
OCO,28.0,0 days 00:01:38.372000,HARD,18.0,2.0,15.0
OCO,29.0,0 days 00:01:38.556000,HARD,19.0,2.0,14.0
OCO,30.0,0 days 00:01:41.210000,HARD,20.0,2.0,14.0
OCO,31.0,0 days 00:01:59.322000,HARD,1.0,3.0,18.0
OCO,32.0,0 days 00:01:36.887000,HARD,2.0,3.0,17.0
OCO,33.0,0 days 00:01:36.704000,HARD,3.0,3.0,17.0
OCO,34.0,0 days 00:01:36.226000,HARD,4.0,3.0,17.0
OCO,35.0,0 days 00:01:36.354000,HARD,5.0,3.0,17.0
OCO,36.0,0 days 00:01:37.229000,HARD,6.0,3.0,17.0
OCO,37.0,0 days 00:01:36.580000,HARD,7.0,3.0,17.0
OCO,38.0,0 days 00:01:36.814000,HARD,8.0,3.0,17.0
OCO,39.0,0 days 00:01:36.552000,HARD,9.0,3.0,17.0
OCO,40.0,0 days 00:01:36.608000,HARD,10.0,3.0,17.0
OCO,41.0,0 days 00:01:36.621000,HARD,11.0,3.0,17.0
OCO,42.0,0 days 00:01:36.592000,HARD,12.0,3.0,16.0
OCO,43.0,0 days 00:01:36.679000,HARD,13.0,3.0,16.0
OCO,44.0,0 days 00:01:36.649000,HARD,14.0,3.0,16.0
OCO,45.0,0 days 00:01:38.049000,HARD,15.0,3.0,16.0
OCO,46.0,0 days 00:01:36.975000,HARD,16.0,3.0,16.0
OCO,47.0,0 days 00:01:36.656000,HARD,17.0,3.0,16.0
OCO,48.0,0 days 00:01:37.117000,HARD,18.0,3.0,16.0
OCO,49.0,0 days 00:01:37.726000,HARD,19.0,3.0,16.0
OCO,50.0,0 days 00:01:37.784000,HARD,20.0,3.0,17.0
OCO,51.0,0 days 00:01:37.091000,HARD,21.0,3.0,17.0
OCO,52.0,0 days 00:01:38.631000,HARD,22.0,3.0,17.0
OCO,53.0,0 days 00:01:37.145000,HARD,23.0,3.0,17.0
OCO,54.0,0 days 00:01:38.707000,HARD,24.0,3.0,17.0
OCO,55.0,0 days 00:01:37.393000,HARD,25.0,3.0,17.0
OCO,56.0,0 days 00:01:37.415000,HARD,26.0,3.0,17.0
GAS,1.0,0 days 00:01:47.240000,SOFT,1.0,1.0,17.0
GAS,2.0,0 days 00:01:39.059000,SOFT,2.0,1.0,17.0
GAS,3.0,0 days 00:01:38.744000,SOFT,3.0,1.0,17.0
GAS,4.0,0 days 00:01:38.503000,SOFT,4.0,1.0,17.0
GAS,5.0,0 days 00:01:38.664000,SOFT,5.0,1.0,17.0
GAS,6.0,0 days 00:01:39.099000,SOFT,6.0,1.0,17.0
GAS,7.0,0 days 00:01:39.078000,SOFT,7.0,1.0,17.0
GAS,8.0,0 days 00:01:39.287000,SOFT,8.0,1.0,17.0
GAS,9.0,0 days 00:01:39.452000,SOFT,9.0,1.0,17.0
GAS,10.0,0 days 00:01:38.929000,SOFT,10.0,1.0,14.0
GAS,11.0,0 days 00:01:38.656000,SOFT,11.0,1.0,14.0
GAS,12.0,0 days 00:01:41.456000,SOFT,12.0,1.0,12.0
GAS,13.0,0 days 00:02:04.565000,HARD,1.0,2.0,18.0
GAS,14.0,0 days 00:01:37.689000,HARD,2.0,2.0,19.0
GAS,15.0,0 days 00:01:37.492000,HARD,3.0,2.0,19.0
GAS,16.0,0 days 00:01:37.521000,HARD,4.0,2.0,19.0
GAS,17.0,0 days 00:01:37.949000,HARD,5.0,2.0,19.0
GAS,18.0,0 days 00:01:37.791000,HARD,6.0,2.0,19.0
GAS,19.0,0 days 00:01:37.702000,HARD,7.0,2.0,19.0
GAS,20.0,0 days 00:01:38.036000,HARD,8.0,2.0,18.0
GAS,21.0,0 days 00:01:38.094000,HARD,9.0,2.0,18.0
GAS,22.0,0 days 00:01:37.868000,HARD,10.0,2.0,18.0
GAS,23.0,0 days 00:01:38.104000,HARD,11.0,2.0,18.0
GAS,24.0,0 days 00:01:38.192000,HARD,12.0,2.0,18.0
GAS,25.0,0 days 00:01:38.160000,HARD,13.0,2.0,18.0
GAS,26.0,0 days 00:01:38.379000,HARD,14.0,2.0,18.0
GAS,27.0,0 days 00:01:38.400000,HARD,15.0,2.0,18.0
GAS,28.0,0 days 00:01:38.615000,HARD,16.0,2.0,17.0
GAS,29.0,0 days 00:01:38.550000,HARD,17.0,2.0,16.0
GAS,30.0,0 days 00:01:38.832000,HARD,18.0,2.0,15.0
GAS,31.0,0 days 00:01:40.432000,HARD,19.0,2.0,16.0
GAS,32.0,0 days 00:01:59.770000,HARD,1.0,3.0,18.0
GAS,33.0,0 days 00:01:36.112000,HARD,2.0,3.0,18.0
GAS,34.0,0 days 00:01:36.622000,HARD,3.0,3.0,18.0
GAS,35.0,0 days 00:01:36.313000,HARD,4.0,3.0,18.0
GAS,36.0,0 days 00:01:36.450000,HARD,5.0,3.0,18.0
GAS,37.0,0 days 00:01:36.629000,HARD,6.0,3.0,18.0
GAS,38.0,0 days 00:01:36.802000,HARD,7.0,3.0,18.0
GAS,39.0,0 days 00:01:36.537000,HARD,8.0,3.0,18.0
GAS,40.0,0 days 00:01:36.742000,HARD,9.0,3.0,18.0
GAS,41.0,0 days 00:01:36.571000,HARD,10.0,3.0,18.0
GAS,42.0,0 days 00:01:36.631000,HARD,11.0,3.0,17.0
GAS,43.0,0 days 00:01:39.291000,HARD,12.0,3.0,17.0
GAS,44.0,0 days 00:01:56.481000,SOFT,1.0,4.0,18.0
GAS,45.0,0 days 00:01:34.805000,SOFT,2.0,4.0,18.0
GAS,46.0,0 days 00:01:35.293000,SOFT,3.0,4.0,18.0
GAS,47.0,0 days 00:01:35.341000,SOFT,4.0,4.0,18.0
GAS,48.0,0 days 00:01:35.411000,SOFT,5.0,4.0,18.0
GAS,49.0,0 days 00:01:35.511000,SOFT,6.0,4.0,18.0
GAS,50.0,0 days 00:01:35.228000,SOFT,7.0,4.0,18.0
GAS,51.0,0 days 00:01:35.334000,SOFT,8.0,4.0,18.0
GAS,52.0,0 days 00:01:35.511000,SOFT,9.0,4.0,18.0
GAS,53.0,0 days 00:01:35.389000,SOFT,10.0,4.0,18.0
GAS,54.0,0 days 00:01:35.853000,SOFT,11.0,4.0,18.0
GAS,55.0,0 days 00:01:35.908000,SOFT,12.0,4.0,18.0
GAS,56.0,0 days 00:01:36.086000,SOFT,13.0,4.0,18.0
BOT,1.0,0 days 00:01:48.536000,SOFT,1.0,1.0,18.0
BOT,2.0,0 days 00:01:38.259000,SOFT,2.0,1.0,18.0
BOT,3.0,0 days 00:01:38.837000,SOFT,3.0,1.0,18.0
BOT,4.0,0 days 00:01:38.643000,SOFT,4.0,1.0,18.0
BOT,5.0,0 days 00:01:40.087000,SOFT,5.0,1.0,19.0
BOT,6.0,0 days 00:01:39.206000,SOFT,6.0,1.0,19.0
BOT,7.0,0 days 00:01:38.654000,SOFT,7.0,1.0,19.0
BOT,8.0,0 days 00:01:38.968000,SOFT,8.0,1.0,19.0
BOT,9.0,0 days 00:01:39.425000,SOFT,9.0,1.0,18.0
BOT,10.0,0 days 00:01:39.112000,SOFT,10.0,1.0,15.0
BOT,11.0,0 days 00:01:39.187000,SOFT,11.0,1.0,15.0
BOT,12.0,0 days 00:01:43.145000,SOFT,12.0,1.0,14.0
BOT,13.0,0 days 00:02:01.081000,HARD,1.0,2.0,19.0
BOT,14.0,0 days 00:01:36.454000,HARD,2.0,2.0,18.0
BOT,15.0,0 days 00:01:37.287000,HARD,3.0,2.0,18.0
BOT,16.0,0 days 00:01:37.718000,HARD,4.0,2.0,18.0
BOT,17.0,0 days 00:01:37.765000,HARD,5.0,2.0,18.0
BOT,18.0,0 days 00:01:37.918000,HARD,6.0,2.0,18.0
BOT,19.0,0 days 00:01:37.662000,HARD,7.0,2.0,18.0
BOT,20.0,0 days 00:01:38.285000,HARD,8.0,2.0,17.0
BOT,21.0,0 days 00:01:37.730000,HARD,9.0,2.0,17.0
BOT,22.0,0 days 00:01:37.998000,HARD,10.0,2.0,17.0
BOT,23.0,0 days 00:01:38.180000,HARD,11.0,2.0,17.0
BOT,24.0,0 days 00:01:38.146000,HARD,12.0,2.0,17.0
BOT,25.0,0 days 00:01:38.262000,HARD,13.0,2.0,17.0
BOT,26.0,0 days 00:01:38.308000,HARD,14.0,2.0,17.0
BOT,27.0,0 days 00:01:38.426000,HARD,15.0,2.0,17.0
BOT,28.0,0 days 00:01:38.595000,HARD,16.0,2.0,16.0
BOT,29.0,0 days 00:01:38.654000,HARD,17.0,2.0,15.0
BOT,30.0,0 days 00:01:41.252000,HARD,18.0,2.0,16.0
BOT,31.0,,HARD,1.0,3.0,19.0
BOT,32.0,0 days 00:01:36.763000,HARD,2.0,3.0,19.0
BOT,33.0,0 days 00:01:36.202000,HARD,3.0,3.0,19.0
BOT,34.0,0 days 00:01:38.009000,HARD,4.0,3.0,19.0
BOT,35.0,0 days 00:01:36.578000,HARD,5.0,3.0,19.0
BOT,36.0,0 days 00:01:36.792000,HARD,6.0,3.0,19.0
BOT,37.0,0 days 00:01:38.008000,HARD,7.0,3.0,19.0
BOT,38.0,0 days 00:01:37.774000,HARD,8.0,3.0,19.0
BOT,39.0,0 days 00:01:37.189000,HARD,9.0,3.0,19.0
BOT,40.0,0 days 00:01:37.393000,HARD,10.0,3.0,19.0
BOT,41.0,0 days 00:01:36.437000,HARD,11.0,3.0,19.0
BOT,42.0,0 days 00:01:36.374000,HARD,12.0,3.0,19.0
BOT,43.0,0 days 00:01:36.569000,HARD,13.0,3.0,19.0
BOT,44.0,0 days 00:01:36.630000,HARD,14.0,3.0,19.0
BOT,45.0,0 days 00:01:36.663000,HARD,15.0,3.0,19.0
BOT,46.0,0 days 00:01:36.297000,HARD,16.0,3.0,19.0
BOT,47.0,0 days 00:01:36.604000,HARD,17.0,3.0,19.0
BOT,48.0,0 days 00:01:36.765000,HARD,18.0,3.0,19.0
BOT,49.0,0 days 00:01:36.910000,HARD,19.0,3.0,19.0
BOT,50.0,0 days 00:01:36.910000,HARD,20.0,3.0,19.0
BOT,51.0,0 days 00:01:36.819000,HARD,21.0,3.0,19.0
BOT,52.0,0 days 00:01:36.949000,HARD,22.0,3.0,19.0
BOT,53.0,0 days 00:01:39.035000,HARD,23.0,3.0,19.0
BOT,54.0,0 days 00:01:37.095000,HARD,24.0,3.0,19.0
BOT,55.0,0 days 00:01:37.205000,HARD,25.0,3.0,19.0
BOT,56.0,0 days 00:01:37.956000,HARD,26.0,3.0,19.0
SAR,1.0,0 days 00:01:45.921000,SOFT,1.0,1.0,15.0
SAR,2.0,0 days 00:01:38.481000,SOFT,2.0,1.0,14.0
SAR,3.0,0 days 00:01:38.707000,SOFT,3.0,1.0,14.0
SAR,4.0,0 days 00:01:38.390000,SOFT,4.0,1.0,14.0
SAR,5.0,0 days 00:01:38.757000,SOFT,5.0,1.0,14.0
SAR,6.0,0 days 00:01:38.582000,SOFT,6.0,1.0,14.0
SAR,7.0,0 days 00:01:39.464000,SOFT,7.0,1.0,14.0
SAR,8.0,0 days 00:01:39.580000,SOFT,8.0,1.0,14.0
SAR,9.0,0 days 00:01:39.366000,SOFT,9.0,1.0,13.0
SAR,10.0,,SOFT,10.0,1.0,20.0
SAR,11.0,0 days 00:02:12.438000,HARD,1.0,2.0,20.0
SAR,12.0,0 days 00:01:38.493000,HARD,2.0,2.0,20.0
SAR,13.0,0 days 00:01:40.989000,HARD,3.0,2.0,20.0
SAR,14.0,0 days 00:01:41.470000,HARD,4.0,2.0,20.0
SAR,15.0,0 days 00:01:37.594000,HARD,5.0,2.0,20.0
SAR,16.0,0 days 00:01:41.370000,HARD,6.0,2.0,20.0
SAR,17.0,0 days 00:01:39.758000,HARD,7.0,2.0,20.0
SAR,18.0,0 days 00:01:38.077000,HARD,8.0,2.0,20.0
SAR,19.0,0 days 00:01:37.742000,HARD,9.0,2.0,20.0
SAR,20.0,0 days 00:01:37.820000,HARD,10.0,2.0,20.0
SAR,21.0,0 days 00:01:38.009000,HARD,11.0,2.0,20.0
SAR,22.0,0 days 00:01:37.728000,HARD,12.0,2.0,20.0
SAR,23.0,0 days 00:01:37.621000,HARD,13.0,2.0,20.0
SAR,24.0,0 days 00:01:39.437000,HARD,14.0,2.0,20.0
SAR,25.0,0 days 00:01:39.093000,HARD,15.0,2.0,20.0
SAR,26.0,0 days 00:01:37.859000,HARD,16.0,2.0,20.0
SAR,27.0,0 days 00:01:38.288000,HARD,17.0,2.0,20.0
SAR,28.0,0 days 00:01:40.535000,HARD,18.0,2.0,20.0
SAR,29.0,0 days 00:02:01.581000,HARD,1.0,3.0,20.0
SAR,30.0,0 days 00:01:35.715000,HARD,2.0,3.0,20.0
SAR,31.0,0 days 00:01:36.713000,HARD,3.0,3.0,20.0
SAR,32.0,0 days 00:01:36.563000,HARD,4.0,3.0,20.0
SAR,33.0,0 days 00:01:37.433000,HARD,5.0,3.0,20.0
SAR,34.0,0 days 00:01:36.475000,HARD,6.0,3.0,20.0
SAR,35.0,0 days 00:01:36.859000,HARD,7.0,3.0,20.0
SAR,36.0,0 days 00:01:36.462000,HARD,8.0,3.0,20.0
SAR,37.0,0 days 00:01:36.785000,HARD,9.0,3.0,20.0
SAR,38.0,0 days 00:01:36.732000,HARD,10.0,3.0,20.0
SAR,39.0,0 days 00:01:37.016000,HARD,11.0,3.0,20.0
SAR,40.0,0 days 00:01:39.817000,HARD,12.0,3.0,20.0
SAR,41.0,0 days 00:02:00.282000,SOFT,1.0,4.0,20.0
SAR,42.0,0 days 00:01:34.735000,SOFT,2.0,4.0,20.0
SAR,43.0,0 days 00:01:35.001000,SOFT,3.0,4.0,20.0
SAR,44.0,0 days 00:01:35.130000,SOFT,4.0,4.0,20.0
SAR,45.0,0 days 00:01:35.333000,SOFT,5.0,4.0,20.0
SAR,46.0,0 days 00:01:35.939000,SOFT,6.0,4.0,20.0
SAR,47.0,0 days 00:01:36.729000,SOFT,7.0,4.0,20.0
SAR,48.0,0 days 00:01:35.688000,SOFT,8.0,4.0,20.0
SAR,49.0,0 days 00:01:35.590000,SOFT,9.0,4.0,20.0
SAR,50.0,0 days 00:01:35.660000,SOFT,10.0,4.0,20.0
SAR,51.0,0 days 00:01:35.972000,SOFT,11.0,4.0,20.0
SAR,52.0,0 days 00:01:35.987000,SOFT,12.0,4.0,20.0
SAR,53.0,0 days 00:01:36.088000,SOFT,13.0,4.0,20.0
SAR,54.0,0 days 00:01:39.614000,SOFT,14.0,4.0,20.0
SAR,55.0,0 days 00:01:36.209000,SOFT,15.0,4.0,20.0
